Workbook

Sheet 集計
A1: 問い合わせ集計
A2: 対応状況と優先度を簡単に見える化します。
A4: 指標 | B4: 件数 | D4: 優先度 | E4: 件数
A5: 未対応 | B5: =COUNTIF(問い合わせ管理!G:G,A5) -> 2 | D5: 高 | E5: =COUNTIF(問い合わせ管理!F:F,D5) -> 2
A6: 対応中 | B6: =COUNTIF(問い合わせ管理!G:G,A6) -> 2 | D6: 中 | E6: =COUNTIF(問い合わせ管理!F:F,D6) -> 2
A7: 確認待ち | B7: =COUNTIF(問い合わせ管理!G:G,A7) -> 0 | D7: 低 | E7: =COUNTIF(問い合わせ管理!F:F,D7) -> 1
A8: 完了 | B8: =COUNTIF(問い合わせ管理!G:G,A8) -> 1
A9: 期限超過 | B9: =COUNTIF(問い合わせ管理!K:K,A9) -> 1

Sheet 問い合わせ管理
A1: 問い合わせ管理表サンプル
A2: 問い合わせ対応の漏れ・優先順位・次回対応日を1枚で管理するサンプルです。
A4: No | B4: 問い合わせ日 | C4: 会社名/氏名 | D4: 区分 | E4: 問い合わせ内容 | F4: 優先度 | G4: 対応状況 | H4: 担当 | I4: 次回対応日 | J4: 経過日数 | K4: 期限アラート | L4: メモ
A5: 1 | B5: 46166 | C5: 山田商店 | D5: 新規相談 | E5: Webサイトの料金表を更新したい | F5: 高 | G5: 対応中 | H5: 太郎 | I5: 46173 | J5: =IF(B5="","",TODAY()-B5) -> 7 | K5: =IF(G5="完了","完了",IF(I5<TODAY(),"期限超過",IF(I5<=TODAY()+1,"要対応","予定内"))) -> 要対応 | L5: 画像差し替えも確認
A6: 2 | B6: 46167 | C6: 佐藤整体院 | D6: 見積依頼 | E6: 予約フォームと問い合わせ導線を改善したい | F6: 中 | G6: 未対応 | H6: 太郎 | I6: 46174 | J6: =IF(B6="","",TODAY()-B6) -> 6 | K6: =IF(G6="完了","完了",IF(I6<TODAY(),"期限超過",IF(I6<=TODAY()+1,"要対応","予定内"))) -> 要対応 | L6: スマホ表示も確認
A7: 3 | B7: 46168 | C7: ABC製作所 | D7: 相談 | E7: Excelの受注管理表を見やすくしたい | F7: 高 | G7: 対応中 | H7: 太郎 | I7: 46172 | J7: =IF(B7="","",TODAY()-B7) -> 5 | K7: =IF(G7="完了","完了",IF(I7<TODAY(),"期限超過",IF(I7<=TODAY()+1,"要対応","予定内"))) -> 期限超過 | L7: 集計表の作成相談
A8: 4 | B8: 46169 | C8: 田中ピアノ教室 | D8: 更新依頼 | E8: お知らせと料金表を更新したい | F8: 低 | G8: 完了 | H8: 太郎 | I8: 46170 | J8: =IF(B8="","",TODAY()-B8) -> 4 | K8: =IF(G8="完了","完了",IF(I8<TODAY(),"期限超過",IF(I8<=TODAY()+1,"要対応","予定内"))) -> 完了 | L8: 公開確認済み
A9: 5 | B9: 46170 | C9: 横浜工業 | D9: 新規相談 | E9: 問い合わせ内容をExcelで管理したい | F9: 中 | G9: 未対応 | H9: 太郎 | I9: 46176 | J9: =IF(B9="","",TODAY()-B9) -> 3 | K9: =IF(G9="完了","完了",IF(I9<TODAY(),"期限超過",IF(I9<=TODAY()+1,"要対応","予定内"))) -> 予定内 | L9: テンプレ提案予定
A10: =ROW()-4 -> 6 | J10: =IF(B10="","",TODAY()-B10) | K10: =IF(G10="完了","完了",IF(I10="","",IF(I10<TODAY(),"期限超過",IF(I10<=TODAY()+1,"要対応","予定内"))))
A11: =ROW()-4 -> 7 | J11: =IF(B11="","",TODAY()-B11) | K11: =IF(G11="完了","完了",IF(I11="","",IF(I11<TODAY(),"期限超過",IF(I11<=TODAY()+1,"要対応","予定内"))))
A12: =ROW()-4 -> 8 | J12: =IF(B12="","",TODAY()-B12) | K12: =IF(G12="完了","完了",IF(I12="","",IF(I12<TODAY(),"期限超過",IF(I12<=TODAY()+1,"要対応","予定内"))))
A13: =ROW()-4 -> 9 | J13: =IF(B13="","",TODAY()-B13) | K13: =IF(G13="完了","完了",IF(I13="","",IF(I13<TODAY(),"期限超過",IF(I13<=TODAY()+1,"要対応","予定内"))))
A14: =ROW()-4 -> 10 | J14: =IF(B14="","",TODAY()-B14) | K14: =IF(G14="完了","完了",IF(I14="","",IF(I14<TODAY(),"期限超過",IF(I14<=TODAY()+1,"要対応","予定内"))))
A15: =ROW()-4 -> 11 | J15: =IF(B15="","",TODAY()-B15) | K15: =IF(G15="完了","完了",IF(I15="","",IF(I15<TODAY(),"期限超過",IF(I15<=TODAY()+1,"要対応","予定内"))))
A16: =ROW()-4 -> 12 | J16: =IF(B16="","",TODAY()-B16) | K16: =IF(G16="完了","完了",IF(I16="","",IF(I16<TODAY(),"期限超過",IF(I16<=TODAY()+1,"要対応","予定内"))))
A17: =ROW()-4 -> 13 | J17: =IF(B17="","",TODAY()-B17) | K17: =IF(G17="完了","完了",IF(I17="","",IF(I17<TODAY(),"期限超過",IF(I17<=TODAY()+1,"要対応","予定内"))))
A18: =ROW()-4 -> 14 | J18: =IF(B18="","",TODAY()-B18) | K18: =IF(G18="完了","完了",IF(I18="","",IF(I18<TODAY(),"期限超過",IF(I18<=TODAY()+1,"要対応","予定内"))))
A19: =ROW()-4 -> 15 | J19: =IF(B19="","",TODAY()-B19) | K19: =IF(G19="完了","完了",IF(I19="","",IF(I19<TODAY(),"期限超過",IF(I19<=TODAY()+1,"要対応","予定内"))))
A20: =ROW()-4 -> 16 | J20: =IF(B20="","",TODAY()-B20) | K20: =IF(G20="完了","完了",IF(I20="","",IF(I20<TODAY(),"期限超過",IF(I20<=TODAY()+1,"要対応","予定内"))))
A21: =ROW()-4 -> 17 | J21: =IF(B21="","",TODAY()-B21) | K21: =IF(G21="完了","完了",IF(I21="","",IF(I21<TODAY(),"期限超過",IF(I21<=TODAY()+1,"要対応","予定内"))))
... A104: =ROW()-4 -> 100 | J104: =IF(B104="","",TODAY()-B104) | K104: =IF(G104="完了","完了",IF(I104="","",IF(I104<TODAY(),"期限超過",IF(I104<=TODAY()+1,"要対応","予定内"))))
